Unnamed: 0,Ranking,Date,Unix_Time,Ticker,Security,GICS Sector,GICS Sub Industry,Stock Price,Stock Price Change,S&P 500 Index,S&P 500 Index Change,Stock Price vs S&P 500 Index,Market Cap,Enterprise Value,Trailing P/E,Forward P/E,PEG Ratio,Price/Sales,Price/Book,Enterprise Value/Revenue,Enterprise Value/EBITDA,Profit Margin,Operating Margin,Return on Assets,Return on Equity,Revenue,Revenue Per Share,Gross Profit,EBITDA,Net Income Avl to Common,Diluted EPS,Total Cash,Total Cash Per Share,Total Debt,Total Debt/Equity,Current Ratio,Book Value Per Share,Operating Cash Flow,Levered Free Cash Flow,Beta,% Held by Insiders,% Held by Institutions,Shares Short,Short Ratio,Short % of Float,Shares Short.1,Trailing Annual Dividend Rate,Trailing Annual Dividend Yield
0,-1,2004-02-03 07:49:22,1075765762.0,NTRS,Northern Trust Corp.,Financials,Asset Management & Custody Banks,35.955751826372,3.1648219509507207,1135.26001,7.786376453833371,-4.621554502882649,10530000000.0,17490000000.0,25.37,18.25,1.78,9.9,3.48,16.57,,0.4015,,0.0109,0.1442,1060000000.0,4.705,2460000000.0,,423000000.0,1.8840000000000001,1420000000.0,6.47,8460000000.000002,,,13.62,826600000.0,731900000.0,1.091,0.1055,0.7170000000000001,3700000.0,3.3,0.0188,3700000.0,0.76,0.016
1,-2,2004-11-18 21:53:23,1100786003.0,NTRS,Northern Trust Corp.,Financials,Asset Management & Custody Banks,35.542272076898996,-1.1499683040134023,1181.939941,4.111827298488223,-5.261795602501625,10130000000.0,14330000000.0,20.51,18.12,1.68,9.68,3.14,13.7,,0.4818,,0.0122,0.1618,1050000000.0,4.676,2370000000.0,,504000000.0,2.253,2280000000.0,10.39,6490000000.0,,,14.716,536500000.0,487000000.0,1.094,0.1054,0.7088,2320000.0,1.929,0.0119,2320000.0,0.84,0.0182
2,-2,2005-03-13 14:30:50,1110695450.0,NTRS,Northern Trust Corp.,Financials,Asset Management & Custody Banks,33.757208476662,-5.022367721384981,1206.829956,2.105861231742565,-7.128228953127545,9380000000.0,25300000000.0,18.86,15.22,1.42,8.51,2.88,22.65,,0.453,,0.012,0.1594,1120000000.0,5.006,2370000000.0,,506000000.0,2.27,2050000000.0,9.37,17970000000.0,,,15.045,536500000.0,487000000.0,1.1740000000000002,0.0927,0.6811,4290000.0,3.943,0.0216,4290000.0,0.84,0.0196
3,5,2007-03-16 13:35:40,1174023340.0,NTRS,Northern Trust Corp.,Financials,Asset Management & Custody Banks,46.475889257002,37.676932881263106,1392.280029,15.366711116010778,22.31022176525233,12720000000.0,1740000000.0,19.34,15.39,1.41,4.27,3.22,0.59,,0.2232,0.5565,0.0117,0.1764,2980000000.0,13.689,3410000000.0,,665400000.0,3.0,21760000000.0,99.23299999999999,10780000000.0,,,18.033001000000002,388500000.0,,1.18,0.0048,0.6990000000000001,2010000.0,1.7,0.01,2010000.0,1.0,0.017
