Unnamed: 0,Ranking,Date,Unix_Time,Ticker,Security,GICS Sector,GICS Sub Industry,Stock Price,Stock Price Change,S&P 500 Index,S&P 500 Index Change,Stock Price vs S&P 500 Index,Market Cap,Enterprise Value,Trailing P/E,Forward P/E,PEG Ratio,Price/Sales,Price/Book,Enterprise Value/Revenue,Enterprise Value/EBITDA,Profit Margin,Operating Margin,Return on Assets,Return on Equity,Revenue,Revenue Per Share,Gross Profit,EBITDA,Net Income Avl to Common,Diluted EPS,Total Cash,Total Cash Per Share,Total Debt,Total Debt/Equity,Current Ratio,Book Value Per Share,Operating Cash Flow,Levered Free Cash Flow,Beta,% Held by Insiders,% Held by Institutions,Shares Short,Short Ratio,Short % of Float,Shares Short.1,Trailing Annual Dividend Rate,Trailing Annual Dividend Yield
0,3,2004-01-27 19:36:30,1075203390.0,PBCT,People's United Financial,Financials,Thrifts & Mortgage Finance,4.710391335072599,21.796482412060428,1155.369995,10.372658504061292,11.423823907999136,2420000000.0,2890000000.0,37.93,32.27,3.43,4.7,2.42,5.62,,0.124,0.5284,0.0054,0.0658,514600000.0,8.311,716500000.0,,63800000.0,1.031,343000000.0,5.54,804800000.0,,,16.17,166500000.0,158000000.0,0.34700000000000003,0.6401,0.1805,822000.0,13.258,0.0369,822000.0,1.56,0.039900000000000005
1,4,2004-02-15 17:45:51,1076838351.0,PBCT,People's United Financial,Financials,Thrifts & Mortgage Finance,5.506326249758001,16.897426520786766,1156.98999,0.14021439080214448,16.757212129984623,2760000000.0,3220000000.0,43.13,0.0,3.7,5.38,2.76,6.25,,0.124,0.5284,0.0054,0.0658,514600000.0,8.311,716500000.0,,63800000.0,1.031,343000000.0,5.54,804800000.0,,,16.17,166500000.0,158000000.0,0.377,0.6401,0.1876,784000.0,6.077999999999999,0.0352,784000.0,1.56,0.0349
2,5,2005-01-30 20:41:52,1107088912.0,PBCT,People's United Financial,Financials,Thrifts & Mortgage Finance,7.0605548962235,28.22623607770803,1181.27002,2.09855143171981,26.127684645988218,3470000000.0,3520000000.0,,25.13,3.64,7.98,2.91,8.06,,-0.013500000000000002,0.7178,-0.0005,-0.0052,437200000.0,4.654,663800000.0,,-5900000.0,-0.066,309000000.0,3.29,362600000.0,,,12.638,329900000.0,312100000.0,0.392,0.64,0.2306,1040000.0,3.497,0.0308,1040000.0,1.16,0.0317
3,2,2005-03-18 00:23:37,1111076617.0,PBCT,People's United Financial,Financials,Thrifts & Mortgage Finance,7.775571932703,10.126924115581117,1190.209961,0.7568075756294984,9.370116539951617,3790000000.0,3850000000.0,,27.46,4.08,8.67,3.16,8.8,,-0.013500000000000002,0.7178,-0.0005,-0.0052,437200000.0,4.654,663800000.0,,-5900000.0,-0.07,309000000.0,3.29,362600000.0,,,12.777000000000001,329900000.0,312100000.0,0.38799999999999996,0.64,0.2279,953000.0,4.162,0.0282,953000.0,1.16,0.0287
