Unnamed: 0,Ranking,Date,Unix_Time,Ticker,Security,GICS Sector,GICS Sub Industry,Stock Price,Stock Price Change,S&P 500 Index,S&P 500 Index Change,Stock Price vs S&P 500 Index,Market Cap,Enterprise Value,Trailing P/E,Forward P/E,PEG Ratio,Price/Sales,Price/Book,Enterprise Value/Revenue,Enterprise Value/EBITDA,Profit Margin,Operating Margin,Return on Assets,Return on Equity,Revenue,Revenue Per Share,Gross Profit,EBITDA,Net Income Avl to Common,Diluted EPS,Total Cash,Total Cash Per Share,Total Debt,Total Debt/Equity,Current Ratio,Book Value Per Share,Operating Cash Flow,Levered Free Cash Flow,Beta,% Held by Insiders,% Held by Institutions,Shares Short,Short Ratio,Short % of Float,Shares Short.1,Trailing Annual Dividend Rate,Trailing Annual Dividend Yield
0,1,2007-06-18 03:42:21,1182109341.0,WYN,Wyndham Worldwide,Consumer Discretionary,"Hotels, Resorts & Cruise Lines",30.553332437865,10.049955921245418,1531.050049,9.20003313495717,0.8499227862882481,6830000000.0,9590000000.0,21.33,15.54,1.38,1.7,2.01,2.41,11.456,0.0866,0.17190000000000005,0.0442,0.0814,3980000000.0,20.430999999999997,2050000000.0,837000000.0,345000000.0,1.76,174000000.0,0.9540000000000001,3130000000.0,0.917,0.9670000000000001,18.541,84000000.0,1720000000.0,0.0,0.0007000000000000001,0.865,2540000.0,2.8,0.014,2540000.0,,
1,-5,2008-12-02 04:13:06,1228162386.0,WYN,Wyndham Worldwide,Consumer Discretionary,"Hotels, Resorts & Cruise Lines",3.8830744777965998,-79.15268983176011,816.210022,-39.2035928903606,-39.949096941399524,767810000.0,4430000000.0,2.0,2.37,0.18,0.19,0.23,1.01,4.9030000000000005,0.08789999999999999,0.1642,0.0426,0.1081,4400000000.0,24.941,2240000000.0,904000000.0,387000000.0,2.17,228000000.0,1.286,3810000000.0,1.016,0.863,21.165001,82000000.0,416750000.0,2.17,0.0041,0.898,5030000.0,1.6,0.028,5030000.0,0.16,0.033
2,5,2012-02-25 18:29:51,1330165791.0,WYN,Wyndham Worldwide,Consumer Discretionary,"Hotels, Resorts & Cruise Lines",38.519244524589,938.6854837988376,1367.589966,73.29472679652085,865.3907570023167,6420000000.0,10310000000.0,17.54,13.06,1.03,1.5,2.88,2.42,10.23,0.098,0.1951,0.0563,0.162,4250000000.0,26.26,2230000000.0,1010000000.0,417000000.0,2.51,142000000.0,0.97,4020000000.0,180.33,1.11,15.18,1000000000.0,392750000.0,3.24,0.0612,0.882,2790000.0,1.4,,2790000.0,0.6,0.014
3,5,2013-04-25 05:44:18,1366839858.0,WYN,Wyndham Worldwide,Consumer Discretionary,"Hotels, Resorts & Cruise Lines",56.462798660197,46.58334906894039,1578.790039,15.443230664943323,31.140118403997068,8449999999.999998,13020000000.0,22.49,14.79,0.89,1.94,4.57,2.87,12.38,0.0882,0.1912,0.05860000000000001,0.1917,4530000000.0,31.71,2440000000.0,1050000000.0,400000000.0,2.75,195000000.0,1.43,4560000000.0,236.41,0.97,14.09,1000000000.0,446380000.0,1.61,0.0095,0.92,1750000.0,1.4,0.013,1750000.0,1.16,0.018000000000000002
